street,avec_hebergement,sum(nb_visiteurs_max)
ruelaroche,0,1678
ruefragonard,0,8
ruedeleybardie,0,92
rueelysereclus,0,0
ruedalzon,0,0
ruedecond,0,25
pldesmartyrsdelaresistance,0,3
placedelglisesaintaugustin,0,475
placemeynard,0,195
ruedechateauneuf,0,46
esplanadedepontac,0,3424
ruedemadrid,0,190
domainedepellegrin,0,0
ruerobertcharazac,0,80
parcdesexpositionsetpalaisdescongres,0,0
biscrsalsaceetlorraine,0,130
rueduprofesseurjeanneney,N,10
ruedecursol,0,1151
etruebrascassat,0,19
ruecharlesmartin,0,829
ruecarpenteyre,0,221
ruejosephbrunetetruepascallafargue,0,11
bisrueabbdelepe,0,22
ruedelaportededijeaux,0,43
ruedesetrangersrueblanquietvoienouvelle,0,250
ruerencassin,0,109
placegambettaruedelavieilletour,0,103
rueetobonchbenier,0,30
coursgeorgesclmenceau,0,307
coursalsaceetlorraine,0,895
ruedevaux,0,70
ruescaligeretruedebrach,0,10
chemintournemirebath,0,16
ruedehourtins,0,150
bisruemondenard,0,46
ruedugnrallarminat,0,30
aruecondillac,0,80
ruedelacroixblanche,1,1356
ruedesdouvesplaceandremeunier,0,994
ruehenridunant,0,0
zacderavesiesud,0,152
ruevirginia,0,1567
ruedugrandrabbinjosephcohen,0,1304
avenuelouisbarthou,0,387
ruethiac,0,144
ruedavidjohnston,0,568
ruebellusmareilhac,0,4
ruedufortlouisplacerenaudel,0,167
placetartasruejudaique,0,45
plainedessportscolettebesson,0,0
ruedepsssac,0,0
coursduquebecavenuelaroque,0,197
alledavezac,0,9
ruebecketplacedarmagnac,0,27
avenuedumarechalgallieni,0,12
tercoursdumdoc,0,199
ruecalv,0,16
quaidequeyriesruesgustcardeetjpalaux,N,72
quaidequeyries,0,16834
alleedespeupliers,0,5
rueausone,0,373
etcoursdelintendance,0,48
bisrueduplessy,0,200
coursportalruesicard,0,18
avenuedelaroque,0,0
avenuedestroiscardinaux,0,512
coursdumedoc,0,4043
bisquaidepaludate,0,266
ruemorton,0,41
ruedelabechade,N,168
ruealfredsmith,0,72
ruebouthier,0,100
bordeauxlac,0,0
ruelecocq,0,443
biscoursaristidebriand,0,19
courslerouzic,0,85
ruerolland,0,488
ruedetivoli,0,260
ruedauperie,0,0
ruemarsan,0,309
etruedumontdurville,0,145
ruedufau,0,3
placeandredonis,0,99
ruedesze,0,204
squaredescommandosdefrance,0,489
angleruesaintemarieetruedepineau,0,7
ruedesaintgenesruecadroin,0,6
ruefurtado,0,308
terruesaintecatherine,0,23
ruedemarseille,N,183
ruedebgles,0,40
avenueares,0,36
terplacegambetta,0,60
ruebahretruepasteur,1,93
ruesstehelinetdomion,0,299
quaidebrienneetruedelalouisiane,0,517
ruenotredame,N,80
bisruebourbon,0,0
ruefrancoisroganeau,0,123
ruejulesferry,N,442
rueemilecombes,0,559
ruedutondu,0,866
rueprofesseurlavignolle,N,40
ruefieff,0,147
quaiarmandlalandeg,0,50
ruebentayoux,0,0
rueperey,0,0
ruedieu,0,215
bdpresidentwilsonrueernestrenan,0,850
avenuelouisbarthou,N,47
alleesdeboutaut,0,577
bisruedesdouves,0,535
placesaintecatherine,0,164
terrassegeneralkoenig,0,19
rueprunier,0,19
etruegeorgesbonnac,0,0
placejohnston,N,30842
bisruemontesquieu,0,0
avenuedudocteurschinazi,0,1030
burotelrueducardinalrichaud,0,0
arueoscaretjeanauriac,0,190
coursmarchalgallini,0,9
logen,0,1185
bisavenuelouisbarthou,0,41
ruecamillesauvageau,0,610
ruedudocteurgabrielpery,0,171
bisruedelacourse,0,1
quaidebrienneetruedelouisiane,0,55
ruejeansamazeuihl,0,-144859
rueneuve,0,253
ruejosphine,0,168
rueclaudebonnierniveau,0,24
ruelarmee,N,18
rueulyssegayon,0,188
rueduchateaudeau,N,20
ruedecolmar,0,6
aruesaintecatherine,0,58
placephilippelebon,0,0
ruedesfaussets,0,448
rueleyteire,0,688
coursalsaceetlorraineruestecolombe,0,116
ruelaseppe,0,30
ruelombard,0,140
crsstlouis,0,50
jardinsdegambetta,0,16
faceauquaideschartrons,0,493
bisterrassedugalkoenigruecourpon,0,1015
ruelouiscombes,N,158
ruefernandmarin,0,160
zacbergesdulac,0,0
ruedumarchalfoch,0,0
ruemarcelinedesbordesvalmore,0,110
rueraymondlavigne,0,72
ruedepauillacetaruedesoulac,0,90
arueanatolefrance,0,52
ruesauteyron,0,83
hall,0,0
quailouisxviii,0,474
rueedmondcostedoat,0,194
centrecommercialmeriadeck,0,0
ruedelabbdelpe,0,0
bisruegravelotte,0,4
avenuedars,0,465
etruedelachassaigne,0,296
coursgeorgesclemenceau,1,132
ruedelaportecailhau,O,31
coursdegourgues,0,13
ruefranzschrader,0,11
rueandremaginot,0,1550
avenuedescardinaux,0,40
alleedelapacific,0,43
ruelamottepicquet,0,20
ruedelamaisondaurade,0,118
ruecardinalrichaud,0,886
ruesdupetitmiotetruegabrielfrizeau,0,0
placecanteloup,0,19
sentedescompagnons,0,93
quaidumarocetruedegironde,1,2310
coursduqubecavenuereinson,0,13
ruedesgnrauxduch,1,131
allecorailzacsaintjeanbelcier,0,271
placettemunich,0,0
ilotanglealleserrruelouiseymie,0,526
rueferrere,0,4511
ruedelacroixdesguey,0,12
quaidebrienneetbdjeanjacquesbosc,0,228
parvisdeschartrons,N,220
etplacedelavictoire,0,14
rueandrelafon,0,12
casernenieldarwin,0,0
bdalbertpremier,0,0
ruejeanfleuretetcoursmarchaljuin,0,124
ilotazacravezies,0,122
ruejeanhameau,1,138
aruelhote,0,106
coursdumdoc,0,3295
alledorlans,0,332
boulevardalienordaquitaine,0,0
quaidessalinires,0,14
coursdequbec,0,217
zaclesbergesdulacginkoiiilotca,0,400
ruedelagaredorlansavenueabadie,1,286
parviscortomaltese,0,0
ruecitredon,0,0
palaisdescogrs,0,0
ruedepessacetruedestgenes,0,5
placecantelouprueplanterose,0,198
ruedupalaisgallien,N,0
boulevardroosevelt,0,0
rueducommandantmarchandruedecestas,0,6
ruedevincennes,0,5
coursduquebec,0,679
boulevardalberter,N,12
rueturenneruedupalaisgallien,0,182
alleesdorleansplacedesquinconces,0,188
ruedesbouviers,0,0
etrueloncemotelay,0,40
ruemonthyon,0,80
acitereinette,0,58
ruepierretrbod,0,130
ruecarlevernetruedarmagnac,0,192
ruefrancoisdesourdis,0,1221
rueducommandantarnould,0,71
ruedelabenatte,0,300
ruefenelonetruemontesquieu,0,2087
bdpresidentwilsonaavchdegaulle,0,54
placedelangalerieruenotredame,0,1000
ruemontmejan,0,45
placeduburg,0,23
ruedumarechaljoffre,N,40
bavenuethiers,0,32
quaideschartronsfaceaun,0,120
placeamedeelarrieu,N,171
ruedetivoliruederiviere,0,12
routedetoulouse,0,247
ruefourteau,0,88
ruedesboucheriesetruereinire,0,95
ruejardel,0,345
bisruejeanjacquesbrel,0,4
ruecourbin,0,35
rueduprofesseurjeanneney,0,713
ruegeneraldelarminatilotornano,0,91
rueducru,0,49
ruedenise,0,16
parvisdeschartrons,0,60560
ruenancelpenard,N,5
ruelucienfaureanglequailawton,0,76
ruedegrammont,0,0
acoursedouardvaillant,0,20
rueemilefourcand,0,33
maildesbordelaispromenadedulac,0,48
ruedetrois,0,146
bisruelucienfaure,0,50
ruegobineau,1,131
avenuedumarechaldelattredetassigny,0,286
ruefrancisdelobelle,0,100
quaidepaludate,0,15930
placecharlesgruet,0,36
ruegoya,0,66
niveauxet,0,5466
centrecommercialmriadeck,0,0
rueduprelouisjabrun,0,72
rueelisereclus,0,59
avenuesaintamand,0,49
ruenancelpeynard,0,0
residencedulac,0,15
placeducardinaldonnet,0,1000
etallesdechartres,0,40
placelopezetruebahr,0,126
rueserretruejardel,0,0
placemariebrizard,0,24
cebparcdesexpositionshall,0,2500
placeduparlement,N,49
ruesaintsernin,0,211
ruedelacourse,0,53
ruemautrec,0,80
rueplacedescapucins,0,0
placeandremeunier,0,350
rueemilepeynaud,0,264
bassinsaflots,N,2323
bisruedelecolenormale,N,84
coursdelalibration,0,104
rueligier,0,96
zaclesbergesdulac,0,0
ruelouisdejabrun,0,8
rueducau,0,27
coursgeorgesclmenceau,N,19
avenuebelair,0,548
rsidencelesfontainesruepasteur,0,6
rueborie,0,1314
ruehonortessier,0,5
ruemagendie,0,524
bisruearago,0,6
bisruelhrisson,0,276
ruepaulcourteault,0,906
coursdequebec,0,820
centrecommercantginkoecoquartierdulac,0,63
promenadesaintecatherine,0,0
etquairichelieu,0,19
boulevardduprsidentwilson,0,1873
rueperelouisdejabrunniveau,0,92
ruemonadey,0,19
ruesolle,0,22
biscourssaintlouis,0,77
ruedudocteurjeanvincent,0,1034
blddupresidentwilson,0,13
placedestalingrad,0,69
ruecastja,0,110
avenuedemerignac,0,0
ruedesfreresbonnie,0,40
ruesaintremi,N,92
biscoursvictorhugo,0,15
ruevictoireamricaine,0,0
ruedelecolenormale,0,2349
crsdelasomme,0,363
zacbastideniel,0,600
ruedebegles,N,10
ruemarbotin,0,18
placedormoy,N,15
ruedelescure,0,34
ruedaviau,0,0
placearmandfaulat,0,50
cavdeysines,0,20
etruedesfaussets,0,88
ruepierretrebodetruejeanartus,0,30
ruedralbertschweitzer,0,160
ruejulesguesde,0,2755
ruekleber,N,0
ruepierrecharron,0,10
cours,0,0
passerellecristal,0,0
ruechevalier,0,0
ruemaginot,0,50
ruesaumenude,0,0
ruelabottiere,1,135
squarerougerie,0,11
anglepllatuleetboulevardalfreddaney,0,167
alleserr,0,1880
boulevardbrandenburg,0,0
ruejosephine,0,297
quaidebrazza,N,396
boulevardpresidentwilson,N,10
alleeserr,1,251
ruegeorgesbonnac,N,19
ruedulavoir,0,10
quaidepaludateetruedesaget,0,1345
ruepatay,0,0
routedetoulouseanglebdalberter,0,234
zachopitaldesenfantsilote,0,0
ruedesargentiers,0,432
ruebourbon,0,1069
rueeliseereclus,0,0
ruearnaudmiqueu,0,80
rueverte,0,0
ruedebelorme,0,1326
jeangabrieldomergue,0,0
ruetourat,0,174
ruemargueritecrauste,0,125
boisderiviereruemandron,0,171
batcrueravez,0,110
placedesquinconcesetrueduchateautrompette,0,0
ruelucienfaureetruebourbon,0,704
vlodrome,0,0
alleelouisratabou,N,1880
allesdorlans,0,23
ruejudaque,0,382
avenuelucienfaure,N,0
placemeunier,0,0
coursdequbecavenueandrreinson,0,10614
ruecastelnaudaurosruejudaique,0,129
ruedujardinpublicbp,0,290
quaidequeyriesparcauxangliques,0,6
quaidesqueyriesruedeserr,0,120
ruesaintsimeon,0,34
secteurcarreire,0,0
rueedmondmichelet,N,76
boulevradantoinegautier,0,0
ruerigoulet,N,36
ruedelabechade,0,1147
coursbalgueriestuttenbergavlfaure,0,102
bisruelatour,0,49
ruedumarchaljoffre,0,199
coursdumarchalgallini,0,228
avenuedeysines,0,1369
coursgclmenceau,0,15
ruefrere,N,81
ruepremeynard,0,64
patinoiremriadeck,0,0
placerenaudel,0,0
ruelaroche,1,13
ruelonpallirebldjeanjacquesbosc,0,293
bisruefrancoisdesourdis,N,62
ruejeansamazeuilh,0,464102
rueraymondpoincareetboulevardjulessimon,0,150
impassesaintjean,0,51
ruedelafaiencerie,0,1221
ruedugeneraldelarminat,N,199
placerenaudeletsquaredombedos,N,0
espacesaintrmi,0,0
coursdumarechaljuin,1,799
courspasteur,N,36
ruegustavecarde,0,405
rueduchreaudeau,0,0
ruebelorme,0,0
ruebrizard,N,593
quaidebrazzailta,0,95
ruedufils,0,164
ruevitalmareille,0,95
placedeleuropeetruedesfrresportmann,0,250
rueespritsdeslois,N,4
ruedutauzin,0,0
rueclaire,0,12
hangarlotn,0,19
centrecommercialeurope,0,17
ruebarreyre,0,146
avenueabadieruegustavecarderueserr,0,3004
ruedutempspasse,0,107
ruestcatherine,0,722
placetourny,0,240
ruerobertschuman,0,370
rueraymondpoincare,0,902
rueprosper,0,3
ruemarcelachard,0,264
ruecalve,0,41
ruelafauriedemonbadon,0,580
ruedelarole,0,0
avenuedugeneraldelarminat,0,255
citdutrey,0,12
rueleonblum,0,589
ruebobillot,0,520
ruedestrangers,0,55
ruedesfreresbonie,0,908
rueduserpolet,0,20
ruecroixdeseguey,0,1186
avenuslouisbarthou,0,10
bdpresidentwilson,0,2131
logenbis,0,24
ruedutauzinruedebethmann,0,189
citleydetcoursdelasomme,1,100
courscharlesbricaudetrueduvergne,0,0
ruedesagetetdetauzia,0,10
ruedonissan,N,0
ruepaullouislande,N,86
ruedelafauriedemonbadon,0,11
crsgeorgesclemenceaucrsintendance,0,117
ruejeancroixtreyeran,0,24
ruedessablires,0,80
ruemichelmontaigne,0,89
ruedudrnancelpnard,0,0
angleruejulesferryruedumoulinrouge,0,94
bisruefurtado,0,5
biscrsdelamarne,0,250
jardinpublic,0,1413
ruefondaudge,N,3
bisruejudaique,0,243
coursdumarechalgallieni,N,50
ruekleber,0,270
ruedunant,0,22
ruecroixdesguey,0,0
bldpresidentwilson,0,46
rueandredumercq,0,40
"",0,29100
avenuedelabarde,0,7560
coursbalgueriestuttenberg,0,5892
ruelouisgendreauccommercialgrandparc,0,13
ruelucienfaurehangarglotsaeta,0,266
ruejosephfaure,0,102
avenuedelapalu,0,0
placeduparlement,0,501
ruedetalence,0,179
boulevardgodardetruedrfinlay,1,289
acrsmarechalgallieni,0,103
saumenude,0,60
ruegeorgesbarres,0,233
ruefondaudge,0,592
ruejeangabrieldomergue,N,12932
rueabbedelepee,0,784
ruelafontaine,0,66
courstournon,0,18
rueemilecounord,0,8
ruelouismie,0,118
ruecharlesdomercqresidetendard,0,25
ruedudocteuralbertschweitzer,0,317
ruecatherineetwilliambooth,0,92
etpassagedelagaleriebordelaises,0,40
alleesdeboutautilot,0,0
placedescedres,1,11
ruecabirol,0,15
ruedarbon,0,199
ruecarlevernet,N,30
ruetiffonet,0,123
boulevardgodard,0,1743
etcoursdelasomme,0,23
ruesthelin,0,19
quaidebrienneruedelalouisiane,0,49
ruemarcelissartier,0,170
ruemartignac,0,115
bisesplanadecharlesdegaulle,0,23
bdjulessimonruebeaudrimont,0,140
ruestehelinruedomion,0,150
placefernandlafargue,N,67
ruemauriac,0,46
ruecondillac,0,103
quailawton,0,626
ruedutauzinruedebethmann,N,132
ruesdomionetstehelin,0,680
ruedesegur,0,45
acoursxavierarnozan,0,140
ruedelglisedecauderan,0,19
placedelaplacederichemont,0,0
bisetterplacejeancayrol,0,14
ruesteeugenie,0,48
rueburtghaudangleruedunant,0,66
ruemargaux,0,2075
unionsaintbrunorenaudgaucherruebrizard,0,0
ruecabanacruebacninh,0,190
rueedmondlabasse,0,31
ruestecolomberueneuve,0,50
ruestehelin,N,36
rueduprofesseurlavignolle,0,20
quailouisxviiifacejeanjaures,0,676
ruedocteuralbertschweitzer,0,140
ruebougainville,0,12
avenuereinson,0,12651
placedemoscouruepasteur,0,11
avenuecharlesdegaulle,0,6823
rueduprofesseurdemons,0,15
parcdesexpositionsdebordeaux,0,0
crsalsaceetlorraine,0,63
quaistecroix,0,97
coursdelargonne,N,145
ruesaintfrancoisruedesmenuts,0,72
ruerepond,0,46
balgueriestuttenber,0,0
placeamlierabalon,1,532
ruemaucoudinat,N,232
ruespierretrebodetrobertschuman,0,96
ruegambetta,1,102
coursbalgueriestuttenbergruepoyenne,0,19
routeoscaretjeanauriac,0,28
alleeserr,0,237
bisalledetourny,0,6
bisruelecocq,0,529
ruesthlin,0,147
ilotboulevardgeorgespompidou,0,10
rueallamandiers,0,0
rueseiglireetruesainteanne,0,0
ruepeyronnet,0,147
marchdintrtnationalbrienne,0,249
etcoursdelamarne,0,69
coursbalgueriestuttenberg,N,113
rueesmangard,N,18
coursduraccordement,0,1366
placemartyrsdelaresistance,0,52
bisetboulevardduprsidentwilson,0,3
rueguillaumebrochon,N,0
ruebethmannetruetauzin,0,147
ruedelacroixdeseguey,1,0
ruedugrandbarail,1,26
stadiumvelodrome,0,0
ruebernardadour,0,111
bisruegaspardphilippe,0,30
boulevardalbert,0,12
ruesurson,0,22
ruegergeres,0,0
allesorleans,0,6
ruedupetitmiot,0,548
ruemontmjean,0,13
rueduha,N,67
bldbrandenburg,0,30
bisruesaintecatherine,0,31
rueduparlementstecatherine,0,243
ruerobertschumanplacedeleurope,0,65
etruedutauzin,0,72
ruedesaugustins,0,745
placeducolonelraynalruechateaudeau,0,436
bruemalbec,0,0
etquaideladouane,0,6
ruedesfours,N,19
bisrueleyteire,0,0
ruecanisetruelucienfaure,0,60
ruearmagnacgarestjean,0,0
placedelabourse,0,30
avenueduprsidentfrankilinroosevelt,0,8
ruedesfreresportman,0,64
ruereignier,0,95
coursmarechalgallieni,0,24
ilotbquaidequeyries,0,264
ruedunoviciat,0,240
ruedesaintgenes,0,1460
courslerouzicruebonnefin,0,199
ruecazemajor,0,117
ruedesaigon,0,19
ruekleberpassagemoreau,0,222
ruesaintjoseph,0,47
lotbzacsaintjeanbelcier,0,381
ruechristine,0,0
aterrassedufrontdumedoc,0,62
hmicycledesquinconces,0,1350
hangarlotbis,0,35
jardinpubliccoursdeverdun,0,10
ruedequeyries,0,892
ruefernandphilippart,0,251
placedeleurope,0,2331
etruemably,0,0
placedeleurope,N,39
placetournyetruefondaudege,0,0
quaiarmandlalanderuelucienfaure,0,584
rueroullet,0,6
alledespeupliers,0,3043
rueespritdeslois,N,40
rueferrre,0,6257
ruelavillefatin,0,0
ruefrdesourdisetavgeneraldelarminat,0,76
ruedutemple,1,124
ruedescarmes,0,0
coursgeorgeclemenceau,0,50
immeublemasterclubrueduprofdangeard,0,80
alleesdetourny,0,872
bdantoinegautier,0,75
bdpresidentwilsonavrepublique,0,12
boulevardalbertbrandenburg,0,85
ruefrantzdespagnet,0,385
quaidelasouys,0,2528
ruesicard,N,60
avenuedesquarantejournaux,0,104965
rueraymondbordier,0,4
ruedupassaintgeorges,0,1134
ruedefleurus,0,0
avenuedelaroquersidencedulacentrea,0,6
ruelucienfaure,N,1008
avenuejeangabrieldomergue,0,1146
allesdeboutaut,0,32
rueduprofesseurdargetzacalinordaquitaine,0,281
ruedelacroix,0,255
ruedesdouves,0,2500
avenuestamand,0,13
ruedujardinpublic,O,78
ruevaubancrsxavierarnozan,0,12
ruepenicaud,N,2
ruedetresses,0,63
coursdelasommeetruepantin,0,582
ruetoulouselautrecruevilleneuve,0,358
ruegeorgesmandel,1,10
ruekyrie,0,22
quaideschampszacgaronneeiffel,0,0
ruesaintremi,0,1280
placecharlesbruet,0,0
avenuedetourville,0,1023
rueblanche,0,3
rueantoinejourde,0,500
ruedelachassaigne,0,202
parvislouisarmand,0,0
ruepierreduhemetruewalterpoupot,0,170
rueduprofesseurlannelongue,N,10
avenuegeneralleclerc,0,1113
ruedebrach,0,100
biscourspasteur,0,4
ruegravelotte,0,0
avenuepoincar,0,40
alleestendhalruedeschais,0,237
etrueandredarbon,0,876
coursdelamartinique,N,115
ruesaintsernin,N,11
rueedouardlarroque,0,10
ruedupalaisdelombrire,N,99
ruemarengo,0,180
rueduprofesseurandrelavignolle,0,78
placedesquinconces,0,33112
ruejeanfleuret,0,719
coursportal,0,662
ruegambetta,0,225
ruedecauderes,0,10
alledechartres,0,24
avmaldelattredetassigny,0,25
rueduhautbrion,0,50
rueandrdarbon,0,900
sentemariegalante,0,0
ruebayssac,0,119
citebrulatour,0,19
placecamillejullian,0,1141
quaidebrazza,0,2213
ruepelleport,0,104
quaisrivegauche,0,0
bisquaideschartrons,0,19
coursclemenceau,0,0
esplanadecharlesdegaulle,0,49
boulevardgeorgespompidou,0,80
rueandrmaginot,0,99
ruedesayres,0,1299
rueeugnejacquet,0,192
etbisruedutemple,0,40
rueroquelaureetjosephdecarayonlatour,0,122
etruededijon,0,279
ruedetauzia,0,1410
avenuedugnralleclerc,0,77
alledetourny,0,197
ruegiacomomatteoti,0,182
bisruejennylepreux,0,13
placedesquinconces,N,1986
boulevardantoinegauthier,0,68
bisrueeliegintrac,0,40
bisruegeorgesbarres,0,0
alleestourny,0,2400
ruebobillotangleruecabanac,0,0
h,0,0
hangarlot,N,82
terrassedumai,0,0
ruesicard,0,200
cheminpomerol,0,40
coursdumarchaljuin,0,15346
ruedepineau,0,18
ruecdomercqetrueeleroy,0,323
rueduffourdubergier,0,324
ruejennylepreuxetecombes,0,19
biscrsjournuauber,0,310
angleruebernardadouretsolle,0,58
placedesbasques,0,0
ruehuguerie,0,517
placeamelierabaleon,N,10
avenuedepernon,0,499
capc,0,0
portautonome,0,0
promenadedesforges,0,119
ruejeanpierremariebouron,0,40
ruedudrfrappaz,0,0
ruedelabenauge,0,3208
avenuedemirande,0,15
ruedelabbedelepee,0,204
rueduloup,0,461
rueduprofesseurdangeard,0,50
rueduprofesseurdevaux,0,440
ruegabrielfrizeau,0,117
ruevieillard,0,42
avenueabadie,0,422
rueduquaibourgeois,0,100
zacbastidesilota,0,11
avenuemarchallattredetassigny,0,13
bassinaflotsnquaiouest,0,88
coursbarbey,0,1873
boulevardalfreddaneybassinaflotnquaiouest,0,19
ruefrantzschrader,0,14
ruegerbier,0,6
citedecaulet,0,20
bassinsflots,0,4000
ruedesetables,0,25
ruelartigue,0,20
etcoursaristidebriand,0,205
coursbalgueriestuttenbergruelucienfaure,0,68
parcdactivitdequeyries,0,0
ruemichelet,0,45
gymnasethiers,0,260
boulevardwilson,0,0
rueclaudebonnier,0,356
ruetoulouselautrec,0,23
ruelamothe,0,572
ruedelasau,0,29
ruedelamisricordeplacefrancisdeprssenc,0,325
ruedesfaures,N,77
placedescedres,0,54
ruebelleetoile,0,74
etimpassedestanneries,0,35
ruedesbahutiers,N,107
villaprimrose,0,0
ruedebegles,0,1801
avenuejeangabrieldomergue,N,3600
ruedesayresruepaulbert,0,730
iltedzacgaronneeiffel,0,606
etavenuedugnralleclerc,0,0
ruekleberetpassagebrmontier,0,47
bisruedecapeyron,0,8
ruedecreon,0,0
placegnralsarrail,0,0
ruedesgur,0,50
ruedesuffren,0,180
ruedesoissonsruechevalier,0,5
placepuypaulin,0,809
urenicolasbeaujonruecroixdeseguey,0,0
iltboulevardgeorgespompidou,0,9
placedelacomdie,0,251
gymnasepromis,0,0
rueduhautqueyron,N,10
russaintecatherine,0,0
ruejeansamazeuil,0,3500
rueduloup,N,12
placejeanjaurs,0,254
ruelefol,0,18
alleesdechartres,0,10
ruequintin,0,0
anglerueducruruedelaplateforme,0,0
terruebelleville,0,15
ruerobertlateulade,0,1041
ruebeaubadat,0,54
rueguiraude,0,75
angleruedelabechaderuequintin,0,360
placeamelierabaleon,0,1307
ruebouffard,0,465
rueduparlementstpierre,0,0
ruelacanau,0,0
bisavenuedeysines,0,0
coursdumarechaljuin,N,7212
ruenicot,0,233
ruedeleglisestaugustin,0,44
ruejeanrenauddandicolleplacerodesse,1,140
ruedelacanau,0,110
residencedulackbt,0,23
ruedumontdurville,0,729
ruedeladevise,N,48
courssaintlouis,0,9836
placeandrmeunier,0,754
ruepaulbroca,0,953
ruedelhermitage,0,0
rueduvelodrome,0,12
ruecamnadalmeida,0,11
ruemaurice,0,7
coursdumarechalgallieni,0,261
ruedelabenauge,N,35
avenuedugolf,0,60
etavenueemilecounord,0,0
alleedeserr,0,188
ruedesfaures,1,60
ruedesconilsplacepeyberland,N,0
rueramonet,0,171
ruegalin,0,3643
voienouvelleentrelaruedesqueyriesetle,0,5
avenuedelarpublique,0,776
quaiarmandlalande,0,2516
bisplacedeschartrons,0,75
quaideschamps,0,982
ruepelousededouet,0,22
ruebuchou,0,372
ruenoviciat,0,212
ruefranisdolebelle,0,0
etruepaulbroca,N,130
ruedestreuils,0,80
ruesgur,0,0
quaidebienneruedelorenoqueetruedelouisiane,0,545
bisruemably,0,45
ruekieser,0,0
coursdalsacelorraine,0,240
rueanatolefrance,0,24
ruethodoregardere,0,0
ruedelobservanceetruehugla,0,47
aavenuedelabarde,0,0
rueduprofesseurgeorgesjeanneney,0,528
coursportalcoursdelamartinique,0,18
ruedemarseille,0,744
coursmarcnouaux,0,33
ruecasteja,0,470
ruesaintsimon,0,24
rueeugeneleroy,1,27
placeduchampdemars,0,19
rueemileduploy,0,0
cesplanadecharlesdegaulle,0,1257
angledelaplacelatule,0,2
quaidusenegaletquaidebacalan,0,61
hallduparcdesexpositions,0,0
ruededoumerc,0,70
rueportedijeaux,0,4148
boulevardpresidentwilson,0,142
ruejeanlalanne,0,226
ruecastelnaudauros,N,41
rueguenard,0,0
ruejeanrenauddandicolle,0,15
coursdupresaintmaurhenribrunet,0,76
coursalascelorraine,0,0
ruecharlevoixdevillers,0,228
ruedelurbe,0,30
avecharlesdegaulle,0,60
ruedelacourdesaides,0,164
avenuedesquarantejournaux,N,70
ruejeanne,0,0
rueleytere,0,32
quaidequeyries,N,6090
ruecolette,0,47
quaidebrienneruedelouisianeetruedelornoque,0,860
ruedeshollandaisetcoursduquebec,0,100
ruevilledieu,0,45
arueclaudeboucher,1,1458
ruebertranddegoth,0,0
ruedelaportedijeaux,0,516
rueduhamel,0,709
cclespassagesmeriadeck,0,0
ruedeladous,0,80
quaidesmarqueshangar,0,138
gymnasealicemilliat,0,0
quaibrazza,0,0
quaidesqueyriesrueraymondlavigne,0,150
impassefontainedeguillot,0,0
ruedecandale,0,296
ruekyri,0,0
bisruedelatourdegassies,0,2
ruejulesferry,0,9009
ruelaporte,0,90
ruemondenard,N,487
biscoursdumedoc,0,120
ruepauldoumerjeromemauvigney,0,225
ruepoitevin,0,76
coursanatolefrance,0,0
ruecarlevernet,0,792
rueduclotre,0,124
placesaintprojet,0,340
ruebougainvillelotzialfreddaney,N,60
placemenard,0,15
boulevardjoliotcurie,0,515
ruedupeugue,0,0
aruedupalaisgallien,0,156
ruedelaplateforme,1,0
bisrueespritdeslois,0,8
ruemaitrejean,0,1001
ruebouquire,0,215
ruemalbec,0,1860
courshenribrunet,0,0
bruederivire,0,0
ruecamillestsaens,0,80
rueterrasson,0,10
impassedudocteurjeanvincent,0,583
routedesaget,0,76
bordeauxplazaiiplaceravezie,0,78
alleelistrac,0,80
bruedudocteuralbertbarraud,0,10
placefernandlafargue,0,251
ruegaspardphilippe,0,31
boulevardalfreddaney,0,7383
ruemably,0,888
bisrueeugenejacquet,0,10
placeferdinandbuisson,0,463
ruechanoinealacaze,0,158
ruesaintrmi,0,510
rueemilehenriot,1,169
avenuevercingetorix,N,30
bisruearnaudmiqueu,0,45
ruededeyme,0,60
ruefernandaudeguil,0,40
ruecancera,0,0
ruejeanjacquesrousseau,0,198
ruedujonc,0,478
ruelagraveyre,0,6
ruederivire,0,113
rueabbdelpe,0,0
avenuedelajallere,0,379
rueornano,0,0
impassetraversanne,0,35
ruederiviere,0,20
ruepineau,0,192
quaidelamonnaie,0,460
tercoursxavierarnozan,0,0
rueeugeneleroy,0,114
ruegeorgesbonnac,1,517
ruejeandescas,0,263
ruedelbosetrueouagadougou,0,609
impassenol,0,8
placedelerme,0,250
avenuelabarde,0,20
rueserpolet,0,0
ruedecanolle,0,0
bisrueborie,0,12
ruedutempspass,0,38
bisruelafauriedemonbadon,0,4
ruecondorcet,0,1660
ruedudocteuralbertbarraud,0,502
rueracine,0,6
ruesduchateaudeaustsernin,0,3653
ruelouisgeandreau,0,0
ruelaplacette,0,196
airerafaelpadilla,0,0
coursdumarchaljuin,N,7212
ruebigot,0,77
quaidemonnaie,0,40
avenuehenrydunant,0,149
acoursalsaceetlorraine,0,60
coursbalguerie,0,0
placedescapucins,0,9268
coursclmenceau,0,59
ruepaullouislande,0,482
hallparcdesexpositions,0,3000
citmondiale,0,0
espacevertruepierretrbod,0,0
ruelabottiere,0,80
zacbastidenielilob,0,0
ruemarcsangnier,0,106
ruecambon,0,90
unionsaintbrunorenaudgaucher,0,0
ruedupalaisgallien,0,1520
ruesegalier,0,636
ruecornac,0,170
placejeanmoulin,0,354
bisruesaintsernin,0,10
avdumarechaldelattredetassigny,0,556
alleejeangionoruegustavecarde,0,762
ruedelaportedijeau,0,33
ruefurtadoruemalbec,0,533
ruedelafaiencerieetruelucienfaure,0,111
bisruemontbazon,0,13
iltedzacgaronneeiffel,1,22
bisruedornano,0,0
coursdelasomme,0,2179
coursduxxxjuillet,0,1284
rueedmondmichelet,0,69
ruedupassagesaintgeorges,0,0
ruedelafaencerie,0,5899
boulevardgeorgesv,0,9
ruedelabechade,1,493
placedelacomdie,N,198
bassinaflotnquaiarmandlalande,0,1303
ruedeseze,O,90
rueamedeesaintgermain,0,190
ruedeschamps,0,0
ruedelbos,N,169
esplanadelinne,0,444
avenueserrruenuyensruegustavecarde,0,0
avenuethiers,N,144
rueportedecaudran,0,0
bisruejulesferry,0,0
squareemilecombes,0,15
coursduraccodementetcourslouisfargue,0,800
coursdumdoc,N,0
ruedesaintgenes,1,21
zacdeschartronsilotoplacedesvignes,0,19
ruecereyavenuelouisbarthou,0,0
gymnasechauffour,0,0
ruecadrouin,0,100
boulevarddaquitaineetrueduguaytrouin,0,0
avdestroiscardinaux,0,100
ruepierretrebod,0,3558
ruerogermirassou,0,60
ruedutonduruesteccile,0,20
ruedudocteuraschweitzer,0,200
ruedelavieilletour,1,20
ruedescheverus,0,10
pldelafermederichemont,0,74
coursedouardvaillant,0,776
rueblancdutrouilh,0,48
ruedutemple,0,336
ruemozart,0,30
ruelafiteau,0,22
boulevardalberteretruelouiscabi,0,236
anenuiemarceldassault,0,144
ruejeanhameau,0,113
ruebouffard,1,37
ccoursdumarechalgallieni,0,0
avmarechaldelattredetassignyetruegle,0,50
ruehonorepicon,0,5
quaisdelagaronne,0,0
ruenaujac,0,151
rueprinot,0,24
bisruedelecolenormale,0,283
placeraymondcolom,0,0
bassinaflotsnquaiarmandlalande,0,662
angleruebecketplacedarmagnac,0,544
bisboulevardjeanjacquesbosc,0,0
ruedeladauphine,0,12
ruepascalmothescoursdelyser,N,176
ruegrateloupcoursdelargonne,0,86
ruecharlesdomercq,0,2129
boulevardjeanjacqusbosc,0,45
coursdetournon,0,14
quaidebrienneetruedelornoque,0,138
alleedechartres,0,90
rueabbedelepee,1,44
zacraveziessud,0,19
zacdeginkoilotb,0,5
placecasablanca,0,26
impassegalile,0,0
garesaintjean,0,2655
quaidebrienne,0,1283
coursdumarchalfoch,0,72
rueserr,0,1274
quaidebriennebdjeanjacquesboscetruedelouisiane,0,623
ruedelarousselleetcoursvictorhugo,0,0
angleruevilledieuetruesaintgenes,0,10
ruecharlesdomercq,1,170
ruecamillegodard,N,30
rueduprofesseurandrlavignolle,N,56
ruedelacourse,N,50
ruedelaboetie,0,0
allederatabou,0,5880
ruerobertschumanetruepierretrbod,0,313
allesdetourny,0,2013
ruefernandcazeres,0,679
placenansouty,0,8
ruedeladevise,0,392
ruepoirier,0,0
placemontaud,0,150
ruecorpsfrancpommies,0,190
passagebrian,0,129
ruebordier,0,0
coursdujuillet,0,200
ruetoulouselautrec,1,14
ruedarmagnacetplacedarmagnac,0,0
angleruesdepessacetdebudos,0,65
ruemontmejan,1,12
ruelajaunie,0,90
aruedemarseilleruechevalier,0,11
ruejudaique,0,2463
ruesayres,0,0
ruefranoisdesourdis,0,30
ruelafayette,0,133
rueguynemer,0,3
avenuedugnraldelarminat,0,884
ruefrancoiscoppee,0,150
ruecommandantarnoult,0,15
rueduprofesseurmoreau,0,20
ruearistidesousamendes,0,325
coursbricaud,0,0
ruedumuguet,0,0
bdjeanjacquesbosc,0,671
ruestecolombe,0,40
ruedarlac,0,69
coursstcatherine,0,0
avenueemilecounordilotportmann,0,433
rueduret,0,12
ruegendreau,0,40
ecoquartierdulaccoursduquebec,0,21
aquaideschartrons,0,314
boulevardantoinegauthier,N,48
ruedujardinpublicpaulverlaine,0,88
bisrueduffourdubergier,0,5
allesdechartres,0,24
ruecerey,0,3834
placedelafermederichemont,N,60
ruebalgueriestuttenbergruepoyenne,0,35
ruedesacacias,0,90
ruedelecolenormaleruedugrandlebrun,0,192
ruedocteurcharlesnancelpenard,0,40
rueduxinovembre,0,10
gymnasebrocas,0,0
ruethiac,N,40
ruenauville,0,0
rueligierrueservandoni,0,0
placedeleglisestaugustin,0,2154
ruedumirail,N,0
ruebaudrylacantinerie,0,302
etbisavenuedujeudepaume,0,20
ruejeanrichepinetfranoiscoppe,0,0
ruefrancoisraganeau,0,0
coursdelyser,N,316
ruebelleville,0,98
biscoursdumarchaljuin,0,3
rueflornoy,0,0
citedeleglisesaintaugustin,0,2
ruepierre,0,15
quaidequeyires,0,0
ruedetauzin,0,253
ruepaulmamert,0,13
coursdutramway,0,0
ruesmablyetjjrousseau,0,0
ruecancra,0,33
avenuedesfranaislibres,0,3654
coursdelyser,0,908
ruegaratocoursdemarne,0,100
alleedetourny,0,118
ruedupaty,0,44
ruevitalcarles,0,409
sisruedugnralgouraud,0,0
ruemonneron,0,16
ruepuysegur,0,10
ruedenaujac,0,7
ruedupetitbarail,0,2149
bisrueducommandantarnould,0,70
placedumarchedeschartrons,0,2750
boulevardgodardrueclaudeboucher,0,0
ruemazarin,0,121
rueboulan,0,108
ruecamillegogard,0,39
ruenotredame,0,1038
ruemonsarrat,0,36
placepierrerenaudel,0,978
ruewalterpoupot,0,604
ruehonoretessier,0,20
avenuegeneraldelarminat,0,481
ruelabottire,0,152
ruecharazac,0,19
ruecasteja,1,710
rueducanceraruedupasstgeorges,0,31
placedesmartyrsdelaresistance,0,1848
ruedesconils,0,58
ruedesbleuets,0,8
ruecastelnaudauros,0,229
bisruedestrasbourg,0,0
etruemargaux,0,90
quaidegironderuedesetrangers,0,306
terrassefrontdumedoc,0,0
coursbalgueriestuttenbergetrueduc,0,55
coursevrarddefayolles,0,0
ruecroixdeseguey,N,0
etplacerenemaran,0,170
placedugnralsarrail,0,0
ruejeandemalet,0,0
bisalledeserr,0,0
ruesaintjames,0,542
ruedeturenne,0,274
ruetustal,0,0
centrecommerciallespassages,0,221
ruedelabchade,0,302
anglecoursdumedocetavenueemilecounord,0,15
passagedelajallemaildesbordelais,0,131
ruetillet,N,8
ruejeangabrieldomergue,0,631401
ruelacroixruegoya,0,7
courspasteur,0,2332
ruechantecrit,0,502
rueravez,0,472
rueducolonelgrandiervazeille,0,21
bisruebertranddegoth,0,30
impassefaye,0,87
ruefenelon,0,8
ruesaintethrse,0,0
coursdelamarnecoursbarbeyrueferbos,0,884
ruedugrandbarail,0,1496
immeublemegarama,0,0
ruelucienfaureetsentedescarrelets,0,722
flchesaintmichel,0,0
ruedelatourdegassies,0,50
placelucienvictormeunier,0,0
ruejeanartus,0,319
coursdeverdun,N,34
ruedesfrresportman,0,24
ruecarton,0,0
ruesagetquaidepaludate,1,0
boulevardduprsidentfranklinroosevelt,0,256
ruegiaccomomatteoti,0,160
ruemanoncormier,N,66
ruesjeanartusetdudralbertschweitzer,0,290
coursdelintendanceruestecatherine,N,163
coursdelintendance,N,265
boulevardgeorgev,0,320
ruedebeziers,0,59
placedormoy,0,0
quaidequeyriesilotbbtimentb,0,96
plainedessportsquaidessalinires,0,1500
ruecostedoat,0,55
coursdelargonne,1,430
bisruedespalanques,0,567
ruedudocteuralbertbarraud,1,28
rueprmeynard,0,139
coursvhugo,0,1173
ruedesremparts,0,527
avenueandrereinson,0,1281
rueducardinalrichaud,N,94
ruehriarddubreuil,0,3
coursstlouis,N,5
ruevergniaud,0,0
niveau,N,0
bouldjeanjacquesbosc,0,50
ruechateaujouguetreschjouguetapp,0,12
ruexavierarsnehenry,0,434
ruepeyronnetruedetauzia,0,46
coursdelntendance,0,166
zonedentrepotsalfreddaney,0,10
ruepaullouislandes,0,18
ruepierretrebodet,0,12
rueachard,0,2213
bisrueblancdutrouilh,0,0
avedesjournaux,0,6
rueperelouisdejabrun,N,0
ruedemerignac,0,184
ruecharlesmarionneau,0,0
rueeliseredclus,0,0
ruejacquesdwelles,0,189
quaidumaroc,0,593
ruesamuelkirsz,0,8
boulevardgodardetruedudocteurfinlay,0,147
alleehaussmann,0,19
ruegensan,0,50
avenuethiers,0,7593
ruedecauderan,1,14
ruedesvignerons,0,20
coursjournuauber,1,64
placestprojet,0,132
ruedesvignes,0,159
rueprunierruepierrechareau,0,80
ruedeblaye,0,19
quaidesqueyries,0,3661
ruesaintecolombe,0,218
coursjulesladoumegue,0,28775
bisrueemilecombes,0,0
rueberruer,0,20
ruebrascassat,0,20
ruesaintececile,0,90
ruedecauderan,0,7
avdesquarantejournaux,0,247
rueguyart,0,470
ruedespiliersdetutelles,0,40
bisruejudaque,0,0
ruedesallamendiers,0,37
ruelagrange,0,628
hangarlotset,N,0
avgeneralleclerc,0,75
ruebergeret,0,0
parcdessportssaintmichel,0,0
ruedesolfrino,0,120
avalienordaquitaine,0,111
rsidencevanillierruehenriexpert,N,8
ruedudocteurhoffmannmartinot,0,792
ruefondaudege,0,784
avenuemarechaldelattredetassigny,0,1443
citedutrey,0,4
ruelatesta,0,3
galeriebordelaise,0,129
ruedepessacangleruedesgur,0,105
ruedetivolietruelabottire,0,80
placecamillejuillan,0,42
crsdelamartinique,0,53
ruedesremparts,N,6
placedeschartrons,0,300
coursdelamarne,0,8156
rueregnier,0,8
niveauo,0,11720
bisruebonnefin,0,0
bisplacepaulavisseau,0,0
ruecourpon,0,134
quaidumarocetruedegironde,0,70
terrueboudet,0,50
placedupalais,0,267
boulevardmarchalleclerc,0,184
placelouisbarthou,N,0
rueduprofesseurtimothepichaud,0,0
avenuemarechaldelattredetassigny,N,270
ccmeriadeck,0,3
ruegustavecardeetruedelarotonde,0,0
rueeugnetnot,0,23
ruebranger,0,0
placeduchapelet,0,1700
alleeugnedelacroix,0,636
terrassedufrontdumedoc,0,277
placegavinies,0,0
rueferrere,N,20
ruededijon,0,1213
ruedelacroixblanche,0,2664
ruerenmagne,0,732
ruesaintfranois,0,39
rueleberthon,0,12
hallesdeschartrons,0,0
ruedelapasserelle,N,80
ruedestroisconilsimpassesaintprojet,0,86
ruedelacroixblancheetruerogerallo,0,43
etruesaintecolombe,0,121
ruedesayres,N,0
ruedesrempart,0,54
ruestecolombebisruebuhan,0,43
ruedesfaures,0,1492
coursdeluze,0,2246
ruedubourdieu,1,46
cciallespassagesdemriadecklot,0,0
ruerenecassin,0,2811
ruebaour,0,692
crsdelintendance,0,0
aavenuelouisbarthou,N,90
ruesaige,0,74
placedelafermederichemond,0,185
"",N,228
placeduprado,0,10
rueportedijeaux,N,12
bisplacepeyberland,0,19
ruesaintgenes,0,5686
ruemaubourguet,0,30
ruedecaudran,0,5
ruegeorgesmandel,0,28
ruesablonat,0,80
courslouisfargue,0,207
rueachardetcitdutrey,0,15
ruemontesquieu,1,95
ruedesaintgenesbisruedesegur,1,450
boulevardgodardlotb,0,200
avenuepasteur,0,23
avenuedestrasbourg,0,10
zacsaintjeanbelcierlot,0,800
alleedespins,N,95
marchdescapucins,0,0
rueduparstecatherine,0,50
aruejosephabria,0,50
ruegrassi,0,116
ruescharlesdomercqetpierreloti,0,0
ruemariusfaget,0,10
ruedesaget,0,75
ruecamillegodard,0,419
ruecharlesdomercq,N,36
rueportedelamonnaie,0,162
logesn,0,39
avenuedelagare,0,231
biscoursdumdoc,0,107
paliasdescongrs,0,0
passagedelagaleriebordelaise,0,23
placeducolonelraynal,0,149
ruestsimeon,0,44
ruemarceau,0,12
bisruegeorgesmandel,0,0
squarejeanvauthier,0,774
ruedugnraldelarminat,0,171
quaidebrienneilotazacbelcier,0,181
rueyvesglotin,0,192
boulevardmarchalleclercimmeubleleplazabta,0,9
ruefrere,0,12
ruesaintmaurruemontgolfier,0,843
ruefurtado,N,40
avalienordaqutaine,0,110
bisruemonsarrat,0,0
ruedemontesquieu,0,106
ruedelbos,0,245
rueduparlementsaintecatherine,0,669
etruedesargentiers,0,195
rueloncemotelay,0,0
ruemouneyra,0,981
ruerobertcaumont,0,375
crsedouardvaillant,0,98
bisruedesegur,0,15
aquaidepaludate,0,66
ruedesgamins,0,23
rueouagadougourueblanquiruedelbos,0,0
bassinflotn,0,2
avenuedelarepublique,0,978
alleesdorleans,0,436
ruedudrjeanvincent,0,22
ruesaintetherese,0,45
ruedalembert,0,54
rueducouvent,0,57
etcoursdumarchaljuin,0,1667
ruedeayres,0,25
rueduparlementstecatherine,1,186
ruesaintvincentdepaul,N,6
ruemably,N,0
ruesaintvincentdepaul,1,50
ruedelarousselle,N,34
ruelenotre,0,35
ruedegironde,0,354
avenuedelajallre,0,-17084
ruedeslauriers,0,96
ruelatour,0,108
avenuedesquarantesjournaux,0,273
ruevoltaire,0,545
ruedelegliseetavenuelouisbarthou,0,8
boulevardjulessimon,0,13
ruefrancisgarnier,0,2429
placedelavictoire,N,1300
crsvictorhugo,0,1369
ruedugenerallarminat,0,8
ruejacquescamilleparis,0,50
ruesaintecatherine,0,16086
avenuecarnot,0,457
hangarlot,0,2339
ruehortense,0,573
ruedomion,0,1500
ruecausserouge,0,195
ruedarmagnac,1,1197
ruenicot,N,19
ruedelabenaugeetruefernandpalau,0,5442
placedumarchdeschartrons,0,1677
quaidelagrave,0,110
coursvictorhugo,1,28
reudelacroixblanche,0,0
ruestnicolas,0,50
ruerenire,0,0
coursdalbret,0,2060
ruedelaseiglireetquaidepaludate,0,10
rueadrienbaysselance,0,120
placenansoutyanglecoursdelasomme,0,12
avenuedumarchaldelattredetassigny,0,216
avenuecharlesdegaulle,N,20
ruedelalouisianeruedeslaurentides,0,364
unionsaintbrunorenaudgaudcherruebrizard,0,0
ruedenghien,0,14
ruevauban,0,316
centrecommerciallespassagescmk,0,1403
rueducdtarnould,0,20
placefernandlafargueruebouquire,0,17
boulevardgodardruemandron,0,10
rsidencesaintjeancoursdelamarne,1,160
ruepascalmothes,0,150
arueclaudeboucher,0,8
placetteentrehangarset,0,0
anglecourscharlesbricaudetruegermaine,0,225
coursalsacelorraine,0,570
ruemaccarthy,0,34
ruechauffour,0,285
rueducommerce,0,1511
rueduguaytrouin,0,2476
alleserrcs,0,0
maildesbordelais,0,27
bddupresidentwilson,0,141
placerohan,0,221
ilotaplaceravezies,0,191
placesimiot,0,175
ruesaintfrancois,0,60
ruesaintvincentdepaul,0,57
avenuedesjournaux,0,3906
placesaintpierre,0,779
ruemablypldesgrandshommes,0,19
placeavisseau,0,0
quaidequeyriesembarcadremontesquieu,0,0
ruedesargentiersruedelatourdegassies,0,15
ruebrun,0,800
bisruepasteur,0,0
pontdeguit,0,0
sentedesmarinires,0,10
rueduparlementstpierre,N,40
ruedeyries,N,20
grandthtre,0,0
ruedugrandrabbincohen,0,100
ruedesetuves,0,88
rueduport,0,147
ruesaintjames,N,90
terrassedufrontdumdoc,0,136
ruejeanodinexhenricollignon,0,40
rueleosaignat,0,7668
bisruebrizard,0,155
placedesmatyrsdelaresistance,0,0
ruecharlesnancelpenard,0,19
rueedouardfaure,0,1272
ruedaubidey,0,1
ruedupetitgoave,0,178
quaisaintecroix,0,1103
aruehanappier,0,128
ruedelalibert,0,19
avenueraymondpoincare,0,442
avenuethierslmentaire,0,229
ruedumarechaljoffre,0,317
ruechantecrit,N,0
hallceb,N,0
coursdeverdunetcrsdegourgue,0,12
bisruejeanrenauddandicolle,0,37
placejeanjaures,0,265
ruelouisbarthou,0,11
ruedunoviciat,1,51
placevictorraulinbisrueachard,0,1156
ruecamillegodardetavenueemilecounord,0,33
ruedelamottepiquet,0,153
avenuedugeneralleclerc,0,350
placeamlierabalon,0,1026
ruedetauzia,N,0
placegambetta,N,0
rueplanterose,0,215
boulevarddumarechalleclerc,N,300
ruecharlesmonselet,0,35
ruesblanquiruedesetrangersetrueachard,N,0
rueduprofesseurvezes,N,80
ruefondaudege,O,167
ruegeorgesmandel,N,9
dalledupertuisbassinflotn,0,282
avenuelucienfaurebatf,0,111
rueduchateaudeau,0,13294
rueetiennehuyard,0,29
bisruedesfrresportman,0,60
ruealbertthomas,0,1442
ruemoulinie,0,25
ruelafontaine,N,0
boulevarddupresidentwilson,O,12
ruejosephbrunet,N,45
placerenemaran,0,0
ruejeanneney,0,128
quairichelieu,0,819
ruedegrassi,0,1698
ruecapdeville,0,21
rueduchteaudeau,0,1366
ruejulesmichelet,0,13
boulevardalbertpremier,0,0
ruesaintgens,0,719
placesainteeulalie,0,1361
ruesaintephilomene,0,12
ruesamenude,0,0
ruesaintcatherineruedespiliersdetutelle,0,76
bassinaflotsnquaiarmandlalande,N,47
ruedupalisgallien,0,0
ruedelaportedelamonnaie,0,5
avenuegeorgesclmenceau,0,12
bisrueamedeesaintgermain,0,0
ruedetaurgua,0,0
ruejeandupas,0,675
ruedufortlouis,0,80
avenuemarceldassault,0,546
coursbalguriestuttenberg,0,18
rueabbdelepe,0,18
placeduxinovembrerueoreilly,0,300
ruehuguerie,N,69
ruegarat,0,76
ruedetivolietruerivireruedemacau,0,180
batimentgruelucienfaure,0,95
ruebouffard,N,46
thatrenationaldebordeauxenaquitaine,0,0
boulevarddugnralleclerc,0,0
placelouisbarthou,0,275
ruegouffrand,0,227
ruelouisbraille,0,30
ruealexanderfleming,0,1091
lotzacderaveziesud,N,80
ruetheodoregardere,N,0
ruedecarton,0,0
placeadolphebuscaillet,0,324
courslucienfaureetruedecanis,0,113
ruedechateauneuf,N,0
rueachardangleruedeouagadougou,0,467
coursalsacelorraine,N,24
ruestserninrueedmondmichelet,0,35
etruerenmagne,0,4
placedugeneralsarrail,0,272
avenuedenontraste,0,251
paullouislande,0,10
parcdesexpositionshall,0,0
biscoursdelamarne,0,87
bdalienordaquitainerueeginestous,0,68
ruefrancoisleveque,0,338
placejeanjaurescrsduchapeaurouge,0,995
ruedesactivits,0,0
quaidescaps,0,567
ruedebelgique,0,15
parcbordelais,N,104
coursarisitidebriand,0,180
ruesprofvezescoursdeluze,0,180
ruesaintegermaine,0,0
rueandredarbon,0,85
ruedupredieuzaide,0,18
placemaucaillou,0,0
ruejjrousseau,0,30
placejeaujaures,0,47
ruedelordjosephine,0,280
ruelosaignat,0,3486
rueguillaumeleblanc,0,110
coursdeverdun,0,727
ruedekater,0,0
placedesmartyrsdelarsistance,0,55
hangar,0,3408
ruedespiliersdetutelle,N,352
ruejulesferryrueoscarbalaresque,0,10
allebalzac,0,40
ruedeconde,0,358
zacbergedulacavenuemarceldassault,0,50
ruepaulberthelot,0,190
ruereinette,0,105
angleavenuedelarpubliqueetavenuebelair,0,0
ruedesgants,1,11
rueturenneetruedralbertbarraud,0,180
ruecanteloup,0,12
quaidesqueyries,N,187
avenuedares,N,50
rueduhautqueyron,0,88
ruedespiliersdetutelle,0,669
placedelavictoire,0,13703
ruebuhan,0,540
rueblanqui,0,908
placebirhakeim,0,113
placebirhakiem,0,50
rueraymondpoincar,0,93
ruedebudos,0,600
avenuedelarpublique,N,12
ruehenriexpert,0,66
allesdetourny,N,0
ruedestroisconils,0,709
biscoursduchapeaurouge,N,74
ruedesfourniel,0,23
ruedebelfort,0,91
ruemontbazon,0,45
ruetheresacabarus,0,40
ruealphonsedupeux,0,278
alleeraymondjeandupouy,0,99
rueulyssedespaux,0,300
ruegeorgesbonnacrueduchateaudeau,0,95
ruemaubec,0,119
ruebarilletdeschamps,0,150
hangar,N,1908
avenuealienordaquitaine,0,293
ruedubourdieu,0,137
bisplacegambetta,0,0
rueeugenejacquet,0,176
ruebalgueriestuttenberg,0,37
placemareilhac,0,1
ruedeguynemer,0,19
avenuedequarantejournaux,0,28
ruefrancin,0,283
ruedumulet,0,373
ruedemoulis,1,200
boulevardpierreer,0,421
quiadepaludate,0,170
ruejosephpujol,0,138
quaidepaludate,1,1192
bisrueferrere,0,30
coursdalbret,N,0
boulevardalberter,0,1733
placedelacomedie,0,6162
ruebuffonruecondillac,0,6
ruealbertpitres,0,45
rsidencedulacbtfavenuedelaroque,0,0
aruedebelorme,0,980
avenuedugnaralleclerc,0,4
rueduvlodrome,0,18
ruesoubiras,0,300
placealicegirou,0,478
rueespritdeslois,1,48
ruedelecole,0,91
acoursdelargonneruegrioux,0,0
ruesaintecatherine,N,86
coursdalbretjardindelamairie,0,100
rueportebasse,0,0
rueblanquiilotb,0,15
avenuedumarechalleclerc,0,32
bdalberter,0,94
quaidepaludate,N,131
rueeugenedelacroix,0,299
placedescapucinshalla,0,0
ruedelarotonderuehortense,0,234
ruestsernin,0,20
coursdesaubiers,0,64
coursdelamartinique,0,519
ruecalvimont,0,0
bisrueferrre,0,49
bisquaidebrazza,0,90
avenuedeverdun,0,0
local,0,107
ruepaulbert,0,345
ruesmaccarthyetguynemer,0,260
angleruedesdouvesruejulesguesde,N,3
ruedemarseilleimpasseducaule,0,461
rueeugneleroy,1,399
quailawtonruelucienfaure,0,1145
ruedelaconcorde,0,4
quaidebacalan,N,20
coursdequbecavenuelaroque,0,0
ruesnicotetlecocq,0,77
alleratabou,N,0
boulevarddupresidentfranklinroosevelt,0,19
aruedecheverus,0,100
rueboudet,0,115
bruemondenard,0,4
ruecazenave,0,44
angledesruesleonpaillieremaraichersetcarlevernet,0,170
bisplacedumarchedeschartrons,0,2
ruegaldelarminatruejosephabria,0,86
ruelacorne,0,0
biscourstournon,0,7
bisruenotredame,0,11
etruerencassin,0,199
allelouisratabou,0,60320
ruesaintremietdespiliersdetutelle,0,0
avenuejgdomergue,0,600
placeamdelarrieu,0,0
ruedemexico,0,0
quaidebriennebdjeanjacquesboscetruedelorenoque,0,859
impassefontanetcoursdelyser,0,13
espacedulac,0,0
ruelucienfaureetruedelafaiencerie,0,659
bisruenotredame,N,0
bisavenuedugnralleclerc,0,36
quaideladouane,0,2020
ruedeguienne,0,153
bdalienordaquitainerueetienneginestous,0,362
coursevrarddefayolle,0,198
aquaidebacalan,0,189
garestjean,0,0
ruerobertlateulade,1,1472
courslucienfaure,0,13
biscoursdelargonne,0,11
ruedelaportecailhau,N,20
ruejeanrenauddandicolleruepeugue,0,74
placedoumer,0,0
rueducardinalrichaud,0,2979
rueemilegentil,0,84
tourcristal,0,1100
ruevergniaud,N,20
boulevardpierreeretcitechaigneau,0,15
impassedesminimettes,0,120
impassebirouette,0,280
etplacedelafermederichemont,0,0
rueducommandantcousteau,0,50
ruedepessac,N,51
crsdelargonne,0,47
rueleyteireruedumirail,0,132
ruelafauriedemonbadon,N,60
ruepaulin,0,21
ruecharlesdurand,0,49
rueduprofesseurdarget,0,591
allehaussman,0,0
ruedudocteurfinlay,0,45
ruejude,0,446
ruedetregey,0,312
bisrueduserpolet,0,157
ruemarchaljoffre,0,13
bisruemaucoudinat,0,35
bisruefranoisdesourdis,0,72
ruemarcelpagnoletruebourbon,0,1045
rueducardinalrichaux,0,0
boulevarddumarchalleclerc,0,29
ruenancelpenard,0,4
ruebreau,0,554
niveaurezdechaussee,0,20
bdjoliotcurieimpassetregey,0,80
ruejudaique,N,15
ruesaintjean,0,0
hangarlotset,0,863
etruefrantzdespagnet,0,3
ruepierlot,0,0
ruedarmagnacilotde,0,190
hangargbassinflotn,0,270
ruedenuitsetdechateauneuf,0,407
placelaine,0,0
ruebrizard,0,1011
ruedugrandmaurian,0,147
allestourny,0,350
ruedecheverus,0,572
ruepierreloti,0,104
rueduha,0,273
ruefrancoismauriac,0,24
rueamdesaintgermain,0,516
acoursdumedoc,0,50
coursdelaliberation,0,130
rueprivat,0,0
coursdumdoccoursjournuauber,0,18
mairiedecauderan,0,0
coursdelargonneruegrioux,0,150
etboulevardalfreddaney,0,0
ruefrancisjammes,0,28
ruechdomercqresidetendard,0,18
ruemontmejanruecalvimont,0,10
rueferdinandphilippart,0,46
ruedelapelousededouet,0,435
ruedubocage,0,0
coursdelargonne,0,1562
placedarmagnac,0,316
logesnet,0,45
ruebragard,0,19
ruepasteur,1,18
duedelabchade,0,388
bisruedelabenauge,0,38
terboulevardalberter,0,140
coursdegourgue,0,19
rueferdinandpalau,0,2571
ruedelatourgassies,0,15
hangarquaidebacalan,0,299
bdalfreddaney,0,6902
ruedelabbdelepe,0,12
ruelafauriemonbadon,0,64
avenueemilecounord,1,128
citelartigue,0,135
ruedarmagnaczacsaintjeanbelcier,0,527
ruedesaintonge,N,270
placedumaucaillou,0,133
ruedestehelin,1,26
rueaugustepoirsonruedetivoli,0,180
quaidepaludateruedelaseigliere,0,170
parccereavenuedugeneraldegaulle,0,27
caserneniel,0,0
rueportedijeauxruederuat,0,5
ruecharlesmartinrueblanqui,0,358
alleducoraililotbarmagnac,0,112
courssaintlouis,1,1140
ruedestroisconils,N,140
impassesaintecatherine,0,44
courslintendance,0,0
ruegouvea,0,7
ruefortlouis,0,50
ruedelaseigliere,0,2
coursdelasommeruedemarmande,0,5
quaisaintecroix,N,0
ruedormilly,0,15
parcpincon,0,0
chemindelabarde,0,100
coursgeorgesclemenceau,0,1201
ruedebethmann,0,282
rueservandoni,0,10
ruecharleschaumet,0,303
placerodesse,0,38
ruevauban,N,340
bldwilson,0,10
coursdumedoccoursjournuauber,0,250
ruedupassaintgeorges,N,148
ruesdetauziagrenierbelleetoile,0,0
ruedepessac,0,1845
ruejacquesthibaud,0,11
placestalingrad,0,742
rueespritdeslois,0,718
ruejennylepreux,0,188
avenuedares,0,841
ruedupontdelamousque,0,148
plainedessports,0,0
coursjulesladoumgue,0,6013
lafaencerie,0,0
ilotbdeginko,0,211
ruepaulinekergomard,0,902
placedecasablanca,0,47
placeravezies,0,1457
btimentb,0,0
rueducapitaineferrand,0,0
placedeleglisesaintaugustin,0,25
ruestehelinangleruechanoinealacaze,0,550
rueblanquibassinaflot,0,13
ilotbdeginko,N,65
ruefranklin,1,37
ruedesayres,1,20
ruedelaportedelamonnaie,N,2
avenuedeysines,N,10
rueduplessy,0,10
impassestcatherine,0,167
avenueemilecounord,0,4927
ruemontesquieu,0,474
ruestecatherine,0,4269
rueluflade,0,398
impasselaville,0,4
boulevardprsidentwilson,0,10
ruetraversanne,0,150
placefrancisdepressense,0,449
ruedelahalle,0,280
ruecolbert,0,80
ruederuatruedestroisconils,0,95
coursvictorhugo,N,277
ruemalleret,0,0
rueperinot,0,10
ruedelord,N,0
ruesblanquiruedesetrangersetrueachard,0,1101
alledeserr,N,0
ruerenebuthaut,0,155
boulevardmarechalleclerc,0,476
ruedemarseilleruechevalier,0,10
rueausone,N,49
stadevlodrome,0,0
ruepourmann,0,30
cityfinancesboulevardwilson,0,0
hangarlote,0,46
ruedesdouves,N,35
ruenuyens,0,342
ruedarmagnac,0,2167
passagebernardjabouin,0,0
ruepoquelinmoliere,0,57
ruebentayouxetrueguestier,0,19
ruegunard,0,5
quaidebrienneruedelalouisianeetruedelornoque,0,25
avenuethiersrueducypressat,0,500
rueducancera,N,20
ruemahela,0,30
ruejosephabria,0,968
ruesaintrmiplacedelabourse,0,694
rueheriarddubreuil,0,34
ruedesallamandiers,N,30
rueedmontmichelet,0,25
aruetastet,0,75
ruedornano,0,428
quailouisxviiietruelafayette,0,82
ruedutondu,N,40
niveau,0,2089
angleruedetauziaruedesbeauxarts,0,19
ruegrateloup,0,162
ruejosephbrunet,0,1645
avdelarepublique,0,58
placejohnston,0,246736
ruejulesdugas,0,108
ruedumarais,0,151
ruealfredgrimal,0,13
rueguienne,0,0
ruemarysebasti,1,0
etavenuedelarpublique,0,191
avenuelaroque,0,15
placeeugnegauthieretruedomion,0,367
ruedesbahutiers,0,512
teravenuedelarepublique,0,4
rueturenne,0,49
esplanadedesquinconces,N,1000
alleratabou,0,13880
rueduchaidefarine,0,29
etplacegambetta,0,70
ruecamillesauvajeau,0,50
rueeugenedelacroixetanglerue,0,237
ruemathieu,0,15
ruelaportebdpresidentwilson,0,15
parcdesexpositions,0,-30536
angleruedesvivantsruedegain,0,14
coursjournuauber,0,62
ruedusablonat,N,90
ruedocteuralbertbarraud,0,768
etboulevardalberter,0,100
ruecarton,1,74
courslouisfargues,0,0
bisruedelandiras,0,15
ruegeorgesbonnac,0,1218
coursaristidebriand,0,2663
ruedelavilledemirmont,0,0
rueernestdenis,0,0
avenueraymondpoincar,0,34
avenuedelattredetassigny,0,134
ruemondesir,0,1
ruedetourat,0,0
quaidessalinieres,0,435
courstournon,N,25
quaihubertprom,0,371
ruemalbeccoursdelyser,0,46
avalienordaquitaine,N,148
rueduportail,0,40
ruejeansamazeuilh,N,20500
quaideschartrons,N,33913
ruedesontay,0,680
bisruedubocage,0,5
rueportesdecaudran,0,6
rueduh,0,32
ruedebegles,1,781
ruestehelin,0,374
coursdelasomme,N,0
ruedebelleville,0,105
gymnasebarbey,0,0
ruepierrebaour,0,923
placebardineau,0,940
halledeschartrons,0,0
etbisruelucienfaure,0,152
passagegaleriebordelaise,0,7
placedelavictoire,1,76
boulevardalfredbrandenburg,0,195
rueleonpaillere,0,0
ruemarysebastie,1,190
ruejudaiqueruepierrecharron,0,50
quaipaludateruedelaseiglire,0,67
bisterrassedufrontdumedoc,0,30
rueperelouisdejabrun,0,4060
boulevarddupdtwilson,0,0
ruedelacroixdeseguey,0,3
bdmarechalleclerc,0,50
ruedulangon,0,0
ruewustenberg,0,250
bisruegeorgesbonnac,1,267
ruesedmondmicheletdudrcharlesnancelpen,0,20
rueburthaudangleruedunant,0,157
alleesdespeupliers,0,180
ruedegravelotte,0,57
ruedesaintonge,0,10
coursdumarchalgallieni,0,38
placepauldoumer,0,349
ruedudocteurnancelpenard,0,23
boulevardjuliotcurie,0,0
biscoursedouardvaillant,0,17
placesaintmartial,0,454
rueflornoyrueberruer,0,545
ruedelglise,0,0
rueprelouisdejabrun,0,1335
ruedocteurjeanvincent,0,500
ruedubessan,0,198
ruenerigean,N,0
ruedesfosss,0,90
placedesgrandshommes,0,686
coursduchateaudeau,0,0
rueclaudebernard,0,4
ruelachassaigne,0,330
coursevraddefayolle,0,0
ruedessablieres,0,798
ruedebeglesetcoursdelyser,0,90
rueduprofesseurcalmette,0,108
ruedemadagascar,0,187
ruepoquelinmoliere,N,24
avenuemarechaldetassigny,0,170
ruedeveaux,0,77
quaidebacalan,0,20923
lesaubiers,N,0
ruecharleslamoureux,0,45
ruefieffe,0,130
ruedugeneralducheyron,0,40
alleedelapacificlocald,0,14
placecamillejullian,N,95
rueduvergne,0,0
rueportedesportanets,0,15
rueneuve,N,0
bdpresidentfranklinroosevelt,0,30
jardinpublic,N,376
ruegodelvaille,0,18
boulevardjeanjacquesbosc,0,207
ruebauducheu,0,0
ruemaucoudinat,0,25
placedauphine,0,15
ruemauricedruon,0,30
rueboulan,N,26
ruedornanopassagehermitte,0,0
ruedecroixdeseguey,0,10
coursalsaceetlorraine,N,69
enceintedujardinpubliccoursdeverdun,0,50
impassedulac,0,0
ruedelapelousededouet,1,422
ruepierreduhem,0,40
avenueduparcdelescure,0,518
ruedesgenerauxduche,0,136
ruefragonard,N,0
avenuegeorgesclemenceau,0,150
ruepaulantin,0,261
ruedupassaintgeorge,0,35
alledeschamps,0,540
hangarlotd,0,11
bassinsflotsn,0,0
ruepermentade,0,424
ruedelarousselle,0,177
ruederuat,0,50
placestalingrad,N,988
bisavenuethiers,0,10
ruegeneraldelarminatilotornano,N,173
ruedesetrangers,0,2137
quaidepaludatelieuditilotb,0,566
bassinflotsnquaiarmandlalande,0,142
placedesvignes,0,110
ruemontesquieu,N,70
quaidesqueyriesruegustavecarde,0,50
boulevarddupresidentwilson,0,128
ruedelarotonde,0,408
ruedupasstgeorges,0,202
ruesaintecolombe,N,127
bisplacedeleglisesaintaugustin,0,26
coursdumarechalfoch,0,216
ruedudocteurcharlesnancelpenard,0,334
ruedelamanutention,0,50
ruedupalaisgallien,1,0
bisalledechartres,0,0
bisruedebgles,0,0
ruedelaportedijeauxruemargaux,0,1546
rueferbos,0,584
avenuedocteurschinazi,N,42
rueducommandantmarchand,0,7
ruedesmarronniers,0,4
diverssite,0,0
zacderaveziessudilotc,0,19
ruedocteuralbertbarraud,N,199
etruefurtado,0,84
arueportedijeauxaruevitalcarles,0,1293
ruefrrre,0,1980
ruejouannet,0,1450
ruefranoisroganeau,0,14
coursxavierarnozan,0,321
bisavenuedumarchaldelattredetassigny,0,4
ruepaulverlaine,0,49
ruesansas,0,98
arueetiennehuyard,0,0
ruerogercaumont,0,268
biscoursdegourgue,0,0
ruedupetitcardinal,0,40
ruesarrette,0,30
ruedufaubourgdesarts,0,0
ruedesretaillons,0,150
ruemandron,0,564
ruedupuitsdescazeaux,0,0
ruesaintnicolas,0,576
ruevilaris,0,97
ecoquartiercentrecommercantginkobatimentp,0,20
ruedornano,N,80
ruedesallamandiers,0,17
rueleyteire,N,77
tourruegbonnac,N,40
lotabtbquaidebrazza,0,168
ruecharlestournemire,0,35
quartiersaintecroix,0,312
ruefranoisdaunes,0,153
ruegastonlespiault,0,6
ruesaintmacaireet,0,114
quaidebacalanruelucienfaure,0,1321
ruelouisdefoix,0,106
ruegratiolet,0,87
acoursvictorhugo,0,19
rueducommandanthautreux,N,80
ruejeandollfus,0,10
palaisdescongrs,0,0
ruelucienfaure,0,19368
ruedelamerci,0,1246
rueducerfvolant,0,147
ruedomremy,0,10
ruecamilleclaudel,0,80
ruemaurice,N,0
courssaintlouiscoursbalgueriestuttenber,N,40
coursdutauzinruebethmann,0,0
ruebuffon,0,165
ruelaboye,0,11
etparvisdeschartrons,0,12355
bisplacejeancayrol,0,0
ruedomdevienne,0,988
ruejeanjacquesbel,0,10
ruedelaliberte,0,76
ruemazarin,N,0
bisruedelavieilletour,0,13
mairiedecaudran,0,0
ruepasteuraveniuedelagare,0,0
abdalfreddaney,0,2013
rueprelouisjabrun,0,10
ruecheminade,0,6
ruelalande,0,3
ruedeyries,0,266
ruedelabotie,0,43
rueeriksatiebatapt,0,15
rueleupold,0,34
avenuealsacelorraine,0,98
ruemaubec,N,180
rueemileduploye,0,36
palaisdessports,0,0
rueduharueducdtarnould,0,400
avenuedugeneraldegaulle,0,70
coursportal,N,55
palaisdescongs,0,0
loge,0,12
rueclaudebonnierniveauo,0,0
rueportedijeauxetplacepuypauli,0,0
ruecamillesauvageau,N,12
rueemilelaparra,0,0
ruedelafaencerie,N,600
ruedemadere,0,40
quaideschartrons,0,897220
avcarnotruedujardinpublic,0,50
ruedumange,0,13
coursdumarechaljuin,0,65335
avmarechaldelattredetassigny,0,2071
residencemarlyruefragonnard,0,88
ruecastelnaudaurosetruejudaique,0,2831
placedelafermederichemont,0,8575
sentecanis,0,350
alledeserr,0,2
ruefrankin,0,0
marchdescapucinshallebanglejules,0,147
rueclrembault,0,12
coursdupredesaintmaur,0,77
ruedujardinpublic,0,1116
ruedelisleferme,0,2
ruelongchamps,0,0
bisruemichelmontaigne,0,19
ruedelaverrerie,1,15
bisruedesfaussets,0,0
coursedouarddefayolle,0,0
ruecamillesaintsaensplacegabrielfaure,0,72
ruedesateliers,1,755
ruedesdouvesetruedunoviciat,0,390
rueterredebordes,0,69
ruereneroydeclotte,0,20
ruejacquesellulplaceandremeunier,0,1102
ruecastejaruedupalaisgallien,N,80
ruerode,0,235
rueclare,0,40
terquaidebrazza,0,56
ruedudocteurschinazi,0,9
impassesainteelisabeth,0,185
acourssaintlouis,1,0
rueminvielle,0,80
ruedeflornoy,0,4
ruedesmenuts,0,544
rueduprofesseurlavignolle,N,19
ruechabrely,0,12
rueduprofesseurlannelonguebdalfreddaney,1,118
coursdumedocetavenueemilecounord,0,0
ruebouquiere,0,166
quaidebacalanruechantecrit,0,0
coursgeorgeclemenceau,N,47
ruebeaubadat,N,0
anglecourscharlesbricaudet,0,237
biscoursdeverdun,0,34
ruejeanbdouretetimpasecitstmartin,0,2
ruecastillon,0,121
bisruehustin,0,0
ruefranklin,0,334
coursdelamarne,N,76
rueblanquicoursduprdesaintmaur,0,235
biscoursdelamartinique,0,40
ruedesfrresbonie,0,82
placefredericozanam,0,0
alleelouisratabou,0,34080
ruerogertouton,0,450
ruefoy,0,50
ruebergelet,0,0
plpuypaulinerueguillaumebrochon,0,290
ruejrdandicolle,0,0
diverssites,0,0
etruepierretrebod,0,0
coursvictorhugo,0,10587
ruechevalier,N,19
placeamelierabaleon,1,702
ruedelafusterie,0,156
squaretoussaintlouverture,0,500
etruepaulmamert,0,88
courscharlesbricaud,0,268
avenuedumarchaljuin,0,0
ruedelatourdegassie,0,0
coursdalsaceetlorraine,0,422
hangarlotquaidebacalan,0,474
ruedelajalle,0,0
ruedesoissons,N,0
ruemarcelsembat,0,743
ruecharleschaigneau,0,1909
bisruebellevilleangleruelecocq,0,402
ruepoquelinmoliere,1,1050
ruecanihac,0,127
boulevarddumarechalleclerc,0,29
ruecastejaruethiac,N,483
bisruedelacourdesaides,0,60
bisavenuedares,0,12
ruecamillerenouil,0,19
placepeyberland,0,2855
coursanatolefrancefutruebelleville,0,50
quaiarmamndlalandehangarg,0,1
espaceds,0,0
quaidebrazzalote,0,200
ruejudaiqueruedupalaisgallien,0,0
ruesaintethrse,N,0
bdlfranklinroosevelt,0,8
coursduchapeaurouge,0,1369
etcoursdeverdun,0,7
rueedmondbesse,0,590
resvillarenaissanceappt,0,1
rueteulere,0,138
ruelalanderuemagendie,0,646
aruedornano,0,100
quaidumarocetplacedesmillesimes,0,585
ruejacbelaubre,0,12
bldmarechalleclerc,0,50
ruemasson,0,84
etquaidebacalan,0,193
ruepommedor,0,153
ruearago,0,10
ruelouisgendreau,0,202
ruedumoulinrouge,0,27
ruedesbenedictines,0,0
rueleonardlenoir,0,293
ruedelabchade,1,208
ruestremi,0,219
ruecandale,0,167
ruecantemerle,0,5
ruepromis,0,2625
ruebreau,N,350
quaidebrienneruedelalouisianeruedujardindelars,0,198
bisrueduloup,0,11
ruebillaudel,0,92
ruedecursolimpassecaillabet,0,0
avenuedugnralleclerc,N,0
ruedupuitsdescujols,0,93
dequeyrieslotissementqueyriessud,0,10
coursvictiorhugo,0,280
placenansoutycoursdelyser,0,4
bisruedesmenuts,0,62
coursdelintendance,0,5776
rueduchaidesfarines,0,197
ruepaulbaudenon,0,14
coursstlouis,0,1257
ruedelavieilletour,0,556
bisrueamdesaintgermain,0,300
rueoscaretjeanauriac,0,125
ruetombeloly,0,0
alledorlansalledemunich,0,94
ruedornanoetpassagehermitte,0,142
ruedutripostalilotde,0,531
ruedesetrangersrueblanquietruenouvelle,0,162
ruejeansmazeuilh,0,1501
rueclaudeboucher,0,153
ruegratiolet,N,26
ruesuffren,0,28
placegambetta,0,1359
boulevardantoinegautier,0,248
ruedenuits,0,312
rueduchanoineandrelacaze,0,524
bisruegouffrand,0,600
ruedesterresdebordes,N,0
ruevitalcarles,N,0
ruemozart,N,105
rueduvelodromeavdeysines,0,1173
couspasteur,0,19
bisplacejeantayrol,0,3
rueeliegintrac,0,349
ruedesterresdeborde,0,850
avenuedesaintamand,0,23
ruesagetlieuditruecharlesdomercq,0,0
ruemalby,0,0
ruejeanburguet,0,58
ruedelalande,0,56
ruesaintemarie,0,703
placedescapucins,N,0
ruestecatherine,N,236
avenuedereinson,0,0
placedelarpublique,0,412
ruedeleglise,0,25
ruedumirail,0,936
ruemondenard,0,989
placedupradeau,0,0
avenuegeneraldegaulle,0,5
placesaintchristoly,0,1153
ruedesegurruedetalence,0,5
ruedesbeauxarts,0,440
ruefranciscoferrer,0,1066
avenuethiers,1,212
rueguilhou,0,34
impassesaintpierre,0,2
ruebrulatour,0,11
avenuemarchaldelattredetassigny,0,11
clairieredesaubiers,0,19
ruebeck,0,63
placeginetteneveu,0,60
ruebonnefin,0,148
ruelouiscombes,0,107
ruedesorangers,0,0
rueducancera,0,157
parcdesberges,0,0
ruedesgants,0,224
ruedupontdelamousque,N,49
placemondesir,0,0
alleejeangiono,0,1084
ruesoubiras,N,0
ruenancelpnard,0,63
ruepasteur,0,172
avenuedumarchaldelattredetassigny,N,16
ruedelarsenal,0,0
ruedasvin,0,80
bisruejudaque,N,0
rueduparlementsaintpierre,0,240
quaideschamps,N,25
bldalberter,N,0
bdpresidentwilsonetruecroixdeseguey,0,5
ruejeanburguet,1,1292
rueraze,0,635
bruepoyenne,0,237
passagesarget,0,38
rueflornoy,N,0
etplacedescapucins,0,143
ruedesorangers,N,5
rueduparc,0,6
rueedmondrostand,0,42
rueernestrenan,0,1959
bdpresidentwilsonexruejsoula,0,11
ruecorpsfrancpomies,0,90
bisruedubourdieu,0,8
quaidepaludateruedelaseiglire,0,0
coursdumarchalgallineni,0,0
ruedesqueyrieslotqueyriessud,0,19
